player_id,matches_long,matches_medium,matches_short,wins_long,wins_medium,wins_short,winrate_long,winrate_medium,winrate_short,archetype
100284,19.0,57.0,3.0,10.0,30.0,1.0,0.5263157894736842,0.5263157894736842,0.3333333333333333,Endurance
100529,11.0,49.0,7.0,5.0,20.0,5.0,0.45454545454545453,0.40816326530612246,0.7142857142857143,Balanced
100581,22.0,61.0,10.0,16.0,35.0,9.0,0.7272727272727273,0.5737704918032787,0.9,Sprinter
100628,7.0,50.0,7.0,4.0,20.0,2.0,0.5714285714285714,0.4,0.2857142857142857,Balanced
100644,19.0,71.0,10.0,10.0,43.0,7.0,0.5263157894736842,0.6056338028169014,0.7,Sprinter
100653,8.0,50.0,10.0,3.0,21.0,7.0,0.375,0.42,0.7,Sprinter
100656,21.0,72.0,7.0,11.0,42.0,3.0,0.5238095238095238,0.5833333333333334,0.42857142857142855,Balanced
100757,15.0,77.0,8.0,5.0,31.0,4.0,0.3333333333333333,0.4025974025974026,0.5,Balanced
100763,31.0,65.0,4.0,17.0,26.0,1.0,0.5483870967741935,0.4,0.25,Endurance
100837,10.0,68.0,22.0,5.0,27.0,5.0,0.5,0.39705882352941174,0.22727272727272727,Endurance
100870,18.0,75.0,7.0,8.0,30.0,2.0,0.4444444444444444,0.4,0.2857142857142857,Endurance
100923,10.0,80.0,10.0,8.0,28.0,4.0,0.8,0.35,0.4,Endurance
100936,15.0,74.0,11.0,6.0,36.0,4.0,0.4,0.4864864864864865,0.36363636363636365,Balanced
100944,4.0,40.0,11.0,3.0,16.0,4.0,0.75,0.4,0.36363636363636365,Balanced
100954,15.0,72.0,13.0,6.0,29.0,4.0,0.4,0.4027777777777778,0.3076923076923077,Balanced
100962,7.0,36.0,9.0,3.0,13.0,1.0,0.42857142857142855,0.3611111111111111,0.1111111111111111,Balanced
100972,12.0,53.0,5.0,4.0,22.0,2.0,0.3333333333333333,0.41509433962264153,0.4,Balanced
101016,14.0,73.0,6.0,4.0,26.0,2.0,0.2857142857142857,0.3561643835616438,0.3333333333333333,Balanced
101026,23.0,69.0,8.0,11.0,23.0,1.0,0.4782608695652174,0.3333333333333333,0.125,Endurance
101030,22.0,67.0,11.0,10.0,25.0,4.0,0.45454545454545453,0.373134328358209,0.36363636363636365,Endurance
101061,8.0,57.0,6.0,2.0,33.0,0.0,0.25,0.5789473684210527,0.0,Balanced
101062,25.0,64.0,11.0,10.0,30.0,2.0,0.4,0.46875,0.18181818181818182,Balanced
101063,32.0,58.0,10.0,10.0,24.0,4.0,0.3125,0.41379310344827586,0.4,Balanced
101073,16.0,61.0,8.0,10.0,26.0,6.0,0.625,0.4262295081967213,0.75,Balanced
101084,18.0,66.0,16.0,9.0,34.0,6.0,0.5,0.5151515151515151,0.375,Balanced
101086,16.0,77.0,7.0,7.0,22.0,2.0,0.4375,0.2857142857142857,0.2857142857142857,Endurance
101096,7.0,54.0,14.0,4.0,20.0,4.0,0.5714285714285714,0.37037037037037035,0.2857142857142857,Balanced
101098,19.0,73.0,8.0,4.0,32.0,4.0,0.21052631578947367,0.4383561643835616,0.5,Balanced
101106,4.0,42.0,10.0,1.0,13.0,4.0,0.25,0.30952380952380953,0.4,Sprinter
101119,12.0,36.0,5.0,5.0,10.0,2.0,0.4166666666666667,0.2777777777777778,0.4,Endurance
101120,16.0,74.0,10.0,7.0,30.0,5.0,0.4375,0.40540540540540543,0.5,Sprinter
101123,14.0,76.0,10.0,5.0,23.0,2.0,0.35714285714285715,0.3026315789473684,0.2,Endurance
101124,10.0,42.0,6.0,3.0,19.0,2.0,0.3,0.4523809523809524,0.3333333333333333,Balanced
101126,7.0,47.0,7.0,5.0,17.0,4.0,0.7142857142857143,0.3617021276595745,0.5714285714285714,Balanced
101133,16.0,71.0,13.0,9.0,20.0,3.0,0.5625,0.28169014084507044,0.23076923076923078,Endurance
101138,16.0,35.0,7.0,5.0,15.0,4.0,0.3125,0.42857142857142855,0.5714285714285714,Balanced
101142,17.0,70.0,13.0,6.0,24.0,4.0,0.35294117647058826,0.34285714285714286,0.3076923076923077,Endurance
101147,19.0,51.0,5.0,7.0,22.0,1.0,0.3684210526315789,0.43137254901960786,0.2,Balanced
101150,17.0,73.0,10.0,7.0,23.0,3.0,0.4117647058823529,0.3150684931506849,0.3,Endurance
101154,5.0,60.0,5.0,2.0,20.0,3.0,0.4,0.3333333333333333,0.6,Balanced
101179,19.0,74.0,7.0,3.0,29.0,2.0,0.15789473684210525,0.3918918918918919,0.2857142857142857,Balanced
101185,15.0,80.0,5.0,4.0,33.0,1.0,0.26666666666666666,0.4125,0.2,Balanced
101191,12.0,77.0,11.0,5.0,26.0,6.0,0.4166666666666667,0.33766233766233766,0.5454545454545454,Sprinter
101195,6.0,79.0,15.0,2.0,37.0,11.0,0.3333333333333333,0.46835443037974683,0.7333333333333333,Sprinter
101196,17.0,66.0,17.0,8.0,29.0,7.0,0.47058823529411764,0.4393939393939394,0.4117647058823529,Endurance
101205,5.0,57.0,9.0,1.0,24.0,3.0,0.2,0.42105263157894735,0.3333333333333333,Balanced
101214,20.0,66.0,14.0,5.0,27.0,3.0,0.25,0.4090909090909091,0.21428571428571427,Balanced
101222,17.0,72.0,11.0,8.0,46.0,7.0,0.47058823529411764,0.6388888888888888,0.6363636363636364,Balanced
101230,16.0,72.0,12.0,3.0,20.0,3.0,0.1875,0.2777777777777778,0.25,Balanced
101233,8.0,71.0,21.0,5.0,27.0,4.0,0.625,0.38028169014084506,0.19047619047619047,Balanced
101234,13.0,77.0,10.0,4.0,30.0,4.0,0.3076923076923077,0.38961038961038963,0.4,Sprinter
101235,14.0,80.0,6.0,3.0,34.0,2.0,0.21428571428571427,0.425,0.3333333333333333,Balanced
101243,13.0,43.0,8.0,6.0,10.0,2.0,0.46153846153846156,0.23255813953488372,0.25,Endurance
101249,10.0,74.0,16.0,4.0,18.0,7.0,0.4,0.24324324324324326,0.4375,Sprinter
101265,28.0,64.0,8.0,8.0,32.0,2.0,0.2857142857142857,0.5,0.25,Balanced
101276,20.0,68.0,12.0,5.0,30.0,4.0,0.25,0.4411764705882353,0.3333333333333333,Balanced
101285,20.0,58.0,22.0,8.0,19.0,5.0,0.4,0.3275862068965517,0.22727272727272727,Endurance
101298,15.0,77.0,8.0,5.0,28.0,7.0,0.3333333333333333,0.36363636363636365,0.875,Balanced
101312,11.0,55.0,17.0,3.0,21.0,6.0,0.2727272727272727,0.38181818181818183,0.35294117647058826,Balanced
101318,15.0,71.0,14.0,7.0,35.0,9.0,0.4666666666666667,0.49295774647887325,0.6428571428571429,Sprinter
101320,11.0,79.0,10.0,4.0,40.0,6.0,0.36363636363636365,0.5063291139240507,0.6,Sprinter
101332,15.0,49.0,12.0,5.0,20.0,6.0,0.3333333333333333,0.40816326530612246,0.5,Sprinter
101334,13.0,74.0,13.0,6.0,35.0,4.0,0.46153846153846156,0.47297297297297297,0.3076923076923077,Balanced
101358,16.0,68.0,16.0,5.0,29.0,2.0,0.3125,0.4264705882352941,0.125,Balanced
101362,10.0,68.0,22.0,4.0,20.0,8.0,0.4,0.29411764705882354,0.36363636363636365,Endurance
101368,11.0,45.0,2.0,5.0,20.0,0.0,0.45454545454545453,0.4444444444444444,0.0,Endurance
101373,14.0,74.0,12.0,4.0,27.0,3.0,0.2857142857142857,0.36486486486486486,0.25,Balanced
101377,12.0,73.0,15.0,4.0,29.0,4.0,0.3333333333333333,0.3972602739726027,0.26666666666666666,Balanced
101381,15.0,70.0,15.0,7.0,28.0,4.0,0.4666666666666667,0.4,0.26666666666666666,Endurance
101382,17.0,68.0,15.0,4.0,27.0,5.0,0.23529411764705882,0.39705882352941174,0.3333333333333333,Balanced
101387,18.0,29.0,8.0,8.0,10.0,2.0,0.4444444444444444,0.3448275862068966,0.25,Endurance
101391,13.0,66.0,21.0,5.0,18.0,7.0,0.38461538461538464,0.2727272727272727,0.3333333333333333,Endurance
101398,4.0,41.0,15.0,1.0,14.0,7.0,0.25,0.34146341463414637,0.4666666666666667,Sprinter
101404,16.0,69.0,15.0,7.0,34.0,5.0,0.4375,0.4927536231884058,0.3333333333333333,Balanced
101409,27.0,64.0,9.0,9.0,27.0,0.0,0.3333333333333333,0.421875,0.0,Balanced
101412,27.0,66.0,7.0,7.0,26.0,3.0,0.25925925925925924,0.3939393939393939,0.42857142857142855,Balanced
101414,18.0,78.0,4.0,8.0,51.0,2.0,0.4444444444444444,0.6538461538461539,0.5,Balanced
101416,16.0,45.0,2.0,5.0,13.0,0.0,0.3125,0.28888888888888886,0.0,Endurance
101432,8.0,44.0,14.0,3.0,16.0,7.0,0.375,0.36363636363636365,0.5,Sprinter
101434,16.0,83.0,1.0,8.0,37.0,1.0,0.5,0.4457831325301205,1.0,Balanced
101439,11.0,70.0,19.0,5.0,30.0,4.0,0.45454545454545453,0.42857142857142855,0.21052631578947367,Endurance
101440,11.0,51.0,11.0,1.0,22.0,3.0,0.09090909090909091,0.43137254901960786,0.2727272727272727,Balanced
101441,8.0,81.0,11.0,1.0,34.0,5.0,0.125,0.41975308641975306,0.45454545454545453,Sprinter
101459,11.0,58.0,5.0,3.0,22.0,0.0,0.2727272727272727,0.3793103448275862,0.0,Balanced
101460,5.0,50.0,8.0,4.0,11.0,4.0,0.8,0.22,0.5,Balanced
101462,10.0,79.0,11.0,4.0,30.0,5.0,0.4,0.379746835443038,0.45454545454545453,Sprinter
101463,15.0,75.0,10.0,7.0,31.0,2.0,0.4666666666666667,0.41333333333333333,0.2,Endurance
101468,6.0,42.0,6.0,2.0,17.0,2.0,0.3333333333333333,0.40476190476190477,0.3333333333333333,Balanced
101475,11.0,73.0,16.0,4.0,31.0,7.0,0.36363636363636365,0.4246575342465753,0.4375,Sprinter
101481,12.0,75.0,13.0,5.0,19.0,3.0,0.4166666666666667,0.25333333333333335,0.23076923076923078,Endurance
101482,13.0,75.0,12.0,4.0,29.0,4.0,0.3076923076923077,0.38666666666666666,0.3333333333333333,Balanced
101500,12.0,47.0,12.0,8.0,12.0,4.0,0.6666666666666666,0.2553191489361702,0.3333333333333333,Endurance
101507,14.0,74.0,12.0,7.0,24.0,3.0,0.5,0.32432432432432434,0.25,Endurance
101510,22.0,70.0,8.0,7.0,25.0,1.0,0.3181818181818182,0.35714285714285715,0.125,Balanced
101511,11.0,73.0,16.0,4.0,28.0,2.0,0.36363636363636365,0.3835616438356164,0.125,Balanced
101529,19.0,71.0,10.0,11.0,43.0,4.0,0.5789473684210527,0.6056338028169014,0.4,Balanced
101532,13.0,80.0,7.0,3.0,28.0,5.0,0.23076923076923078,0.35,0.7142857142857143,Balanced
101543,18.0,70.0,12.0,6.0,21.0,5.0,0.3333333333333333,0.3,0.4166666666666667,Sprinter
101549,21.0,63.0,16.0,12.0,17.0,5.0,0.5714285714285714,0.2698412698412698,0.3125,Endurance
101582,24.0,66.0,10.0,9.0,19.0,3.0,0.375,0.2878787878787879,0.3,Endurance
101589,17.0,73.0,10.0,7.0,31.0,3.0,0.4117647058823529,0.4246575342465753,0.3,Balanced
101594,9.0,44.0,6.0,4.0,22.0,1.0,0.4444444444444444,0.5,0.16666666666666666,Balanced
101601,17.0,70.0,13.0,6.0,35.0,8.0,0.35294117647058826,0.5,0.6153846153846154,Sprinter
101606,16.0,75.0,9.0,5.0,34.0,2.0,0.3125,0.4533333333333333,0.2222222222222222,Balanced
101609,22.0,71.0,7.0,13.0,28.0,3.0,0.5909090909090909,0.39436619718309857,0.42857142857142855,Endurance
101611,22.0,65.0,13.0,9.0,30.0,6.0,0.4090909090909091,0.46153846153846156,0.46153846153846156,Sprinter
101613,15.0,79.0,6.0,10.0,27.0,2.0,0.6666666666666666,0.34177215189873417,0.3333333333333333,Endurance
101642,14.0,59.0,11.0,5.0,23.0,2.0,0.35714285714285715,0.3898305084745763,0.18181818181818182,Balanced
101647,8.0,73.0,19.0,3.0,25.0,12.0,0.375,0.3424657534246575,0.631578947368421,Sprinter
101649,15.0,71.0,14.0,6.0,38.0,6.0,0.4,0.5352112676056338,0.42857142857142855,Balanced
101659,13.0,74.0,12.0,6.0,31.0,6.0,0.46153846153846156,0.4189189189189189,0.5,Sprinter
101660,6.0,35.0,9.0,2.0,10.0,4.0,0.3333333333333333,0.2857142857142857,0.4444444444444444,Balanced
101675,6.0,41.0,8.0,4.0,12.0,0.0,0.6666666666666666,0.2926829268292683,0.0,Balanced
101681,17.0,44.0,6.0,6.0,16.0,0.0,0.35294117647058826,0.36363636363636365,0.0,Balanced
101685,12.0,37.0,5.0,4.0,14.0,2.0,0.3333333333333333,0.3783783783783784,0.4,Balanced
101686,18.0,63.0,19.0,5.0,21.0,9.0,0.2777777777777778,0.3333333333333333,0.47368421052631576,Sprinter
101703,22.0,64.0,14.0,9.0,23.0,2.0,0.4090909090909091,0.359375,0.14285714285714285,Endurance
101711,24.0,70.0,6.0,9.0,23.0,4.0,0.375,0.32857142857142857,0.6666666666666666,Balanced
101717,21.0,74.0,5.0,6.0,22.0,2.0,0.2857142857142857,0.2972972972972973,0.4,Balanced
101719,11.0,59.0,15.0,5.0,22.0,1.0,0.45454545454545453,0.3728813559322034,0.06666666666666667,Endurance
101723,11.0,72.0,17.0,3.0,32.0,10.0,0.2727272727272727,0.4444444444444444,0.5882352941176471,Sprinter
101725,25.0,66.0,9.0,15.0,23.0,4.0,0.6,0.3484848484848485,0.4444444444444444,Endurance
101727,18.0,64.0,18.0,2.0,30.0,13.0,0.1111111111111111,0.46875,0.7222222222222222,Sprinter
101731,10.0,62.0,12.0,3.0,19.0,3.0,0.3,0.3064516129032258,0.25,Balanced
101733,20.0,69.0,11.0,9.0,22.0,4.0,0.45,0.3188405797101449,0.36363636363636365,Endurance
101735,27.0,69.0,4.0,10.0,22.0,2.0,0.37037037037037035,0.3188405797101449,0.5,Balanced
101736,13.0,78.0,9.0,8.0,55.0,5.0,0.6153846153846154,0.7051282051282052,0.5555555555555556,Balanced
101746,18.0,74.0,8.0,6.0,21.0,2.0,0.3333333333333333,0.28378378378378377,0.25,Endurance
101750,12.0,67.0,21.0,8.0,17.0,10.0,0.6666666666666666,0.2537313432835821,0.47619047619047616,Endurance
101761,21.0,70.0,9.0,8.0,29.0,1.0,0.38095238095238093,0.4142857142857143,0.1111111111111111,Balanced
101767,9.0,74.0,17.0,4.0,27.0,4.0,0.4444444444444444,0.36486486486486486,0.23529411764705882,Balanced
101772,21.0,74.0,5.0,7.0,14.0,0.0,0.3333333333333333,0.1891891891891892,0.0,Endurance
101774,22.0,73.0,5.0,11.0,34.0,5.0,0.5,0.4657534246575342,1.0,Balanced
101775,7.0,55.0,4.0,2.0,20.0,0.0,0.2857142857142857,0.36363636363636365,0.0,Balanced
101776,14.0,71.0,15.0,4.0,36.0,8.0,0.2857142857142857,0.5070422535211268,0.5333333333333333,Sprinter
101783,11.0,62.0,11.0,5.0,21.0,5.0,0.45454545454545453,0.3387096774193548,0.45454545454545453,Sprinter
101788,9.0,45.0,14.0,3.0,17.0,6.0,0.3333333333333333,0.37777777777777777,0.42857142857142855,Sprinter
101789,9.0,61.0,13.0,4.0,20.0,5.0,0.4444444444444444,0.32786885245901637,0.38461538461538464,Balanced
101792,16.0,71.0,13.0,6.0,25.0,6.0,0.375,0.352112676056338,0.46153846153846156,Sprinter
101793,23.0,66.0,11.0,14.0,32.0,6.0,0.6086956521739131,0.48484848484848486,0.5454545454545454,Endurance
101797,14.0,75.0,11.0,6.0,30.0,6.0,0.42857142857142855,0.4,0.5454545454545454,Sprinter
101805,9.0,44.0,8.0,5.0,17.0,2.0,0.5555555555555556,0.38636363636363635,0.25,Balanced
101806,6.0,77.0,17.0,2.0,17.0,5.0,0.3333333333333333,0.22077922077922077,0.29411764705882354,Balanced
101809,11.0,69.0,20.0,5.0,25.0,6.0,0.45454545454545453,0.36231884057971014,0.3,Endurance
101816,8.0,63.0,12.0,4.0,26.0,2.0,0.5,0.4126984126984127,0.16666666666666666,Balanced
101820,10.0,81.0,9.0,3.0,25.0,2.0,0.3,0.30864197530864196,0.2222222222222222,Balanced
101826,10.0,34.0,8.0,5.0,10.0,3.0,0.5,0.29411764705882354,0.375,Endurance
101833,20.0,65.0,15.0,6.0,22.0,9.0,0.3,0.3384615384615385,0.6,Sprinter
101835,2.0,44.0,10.0,0.0,21.0,1.0,0.0,0.4772727272727273,0.1,Balanced
101843,12.0,71.0,17.0,4.0,25.0,6.0,0.3333333333333333,0.352112676056338,0.35294117647058826,Sprinter
101862,2.0,35.0,13.0,1.0,12.0,4.0,0.5,0.34285714285714286,0.3076923076923077,Balanced
101866,3.0,83.0,14.0,1.0,28.0,8.0,0.3333333333333333,0.3373493975903614,0.5714285714285714,Sprinter
101868,11.0,68.0,13.0,5.0,17.0,5.0,0.45454545454545453,0.25,0.38461538461538464,Endurance
101885,15.0,74.0,11.0,5.0,32.0,1.0,0.3333333333333333,0.43243243243243246,0.09090909090909091,Balanced
101888,11.0,73.0,16.0,5.0,24.0,5.0,0.45454545454545453,0.3287671232876712,0.3125,Endurance
101889,20.0,68.0,12.0,12.0,22.0,3.0,0.6,0.3235294117647059,0.25,Endurance
101890,17.0,74.0,9.0,5.0,29.0,7.0,0.29411764705882354,0.3918918918918919,0.7777777777777778,Balanced
101897,14.0,71.0,15.0,3.0,32.0,7.0,0.21428571428571427,0.4507042253521127,0.4666666666666667,Sprinter
101900,11.0,80.0,9.0,5.0,29.0,6.0,0.45454545454545453,0.3625,0.6666666666666666,Balanced
101901,18.0,70.0,12.0,6.0,36.0,4.0,0.3333333333333333,0.5142857142857142,0.3333333333333333,Balanced
101902,13.0,35.0,5.0,4.0,8.0,2.0,0.3076923076923077,0.22857142857142856,0.4,Balanced
101917,10.0,77.0,13.0,0.0,35.0,9.0,0.0,0.45454545454545453,0.6923076923076923,Sprinter
101920,18.0,75.0,7.0,8.0,31.0,5.0,0.4444444444444444,0.41333333333333333,0.7142857142857143,Balanced
101924,16.0,77.0,7.0,9.0,25.0,4.0,0.5625,0.3246753246753247,0.5714285714285714,Balanced
101932,17.0,69.0,14.0,7.0,31.0,7.0,0.4117647058823529,0.4492753623188406,0.5,Sprinter
101945,10.0,42.0,3.0,3.0,9.0,1.0,0.3,0.21428571428571427,0.3333333333333333,Balanced
101948,25.0,70.0,5.0,14.0,43.0,4.0,0.56,0.6142857142857143,0.8,Balanced
101955,13.0,76.0,11.0,3.0,33.0,4.0,0.23076923076923078,0.4342105263157895,0.36363636363636365,Balanced
101956,9.0,52.0,5.0,4.0,17.0,1.0,0.4444444444444444,0.3269230769230769,0.2,Balanced
101962,20.0,69.0,11.0,11.0,32.0,2.0,0.55,0.463768115942029,0.18181818181818182,Endurance
101964,8.0,74.0,18.0,7.0,26.0,5.0,0.875,0.35135135135135137,0.2777777777777778,Balanced
101965,18.0,66.0,16.0,13.0,28.0,8.0,0.7222222222222222,0.42424242424242425,0.5,Endurance
101969,10.0,42.0,7.0,3.0,12.0,0.0,0.3,0.2857142857142857,0.0,Endurance
101990,15.0,73.0,12.0,5.0,36.0,9.0,0.3333333333333333,0.4931506849315068,0.75,Sprinter
101991,14.0,55.0,15.0,6.0,28.0,5.0,0.42857142857142855,0.509090909090909,0.3333333333333333,Balanced
101997,7.0,36.0,7.0,3.0,15.0,1.0,0.42857142857142855,0.4166666666666667,0.14285714285714285,Balanced
102001,9.0,33.0,19.0,4.0,20.0,3.0,0.4444444444444444,0.6060606060606061,0.15789473684210525,Balanced
102021,22.0,74.0,4.0,6.0,19.0,1.0,0.2727272727272727,0.25675675675675674,0.25,Endurance
102024,21.0,73.0,6.0,7.0,19.0,3.0,0.3333333333333333,0.2602739726027397,0.5,Balanced
102025,12.0,71.0,17.0,3.0,35.0,7.0,0.25,0.49295774647887325,0.4117647058823529,Balanced
102029,10.0,72.0,18.0,5.0,32.0,6.0,0.5,0.4444444444444444,0.3333333333333333,Endurance
102031,8.0,38.0,8.0,2.0,10.0,5.0,0.25,0.2631578947368421,0.625,Balanced
102035,24.0,66.0,10.0,11.0,22.0,4.0,0.4583333333333333,0.3333333333333333,0.4,Endurance
102053,5.0,51.0,5.0,2.0,21.0,3.0,0.4,0.4117647058823529,0.6,Balanced
102087,8.0,39.0,15.0,5.0,10.0,4.0,0.625,0.2564102564102564,0.26666666666666666,Balanced
102088,9.0,52.0,15.0,3.0,21.0,4.0,0.3333333333333333,0.40384615384615385,0.26666666666666666,Balanced
102104,16.0,73.0,11.0,4.0,27.0,3.0,0.25,0.3698630136986301,0.2727272727272727,Balanced
102106,11.0,74.0,15.0,5.0,32.0,4.0,0.45454545454545453,0.43243243243243246,0.26666666666666666,Endurance
102110,9.0,80.0,11.0,5.0,27.0,5.0,0.5555555555555556,0.3375,0.45454545454545453,Balanced
102118,13.0,34.0,6.0,4.0,14.0,0.0,0.3076923076923077,0.4117647058823529,0.0,Balanced
102133,7.0,61.0,28.0,1.0,27.0,9.0,0.14285714285714285,0.4426229508196721,0.32142857142857145,Balanced
102135,19.0,74.0,7.0,10.0,25.0,4.0,0.5263157894736842,0.33783783783783783,0.5714285714285714,Balanced
102146,10.0,72.0,18.0,4.0,23.0,6.0,0.4,0.3194444444444444,0.3333333333333333,Endurance
102148,13.0,72.0,15.0,6.0,28.0,9.0,0.46153846153846156,0.3888888888888889,0.6,Sprinter
102154,20.0,71.0,9.0,8.0,21.0,2.0,0.4,0.29577464788732394,0.2222222222222222,Endurance
102158,18.0,69.0,13.0,10.0,47.0,10.0,0.5555555555555556,0.6811594202898551,0.7692307692307693,Sprinter
102162,11.0,83.0,6.0,5.0,34.0,3.0,0.45454545454545453,0.40963855421686746,0.5,Balanced
102167,17.0,74.0,9.0,7.0,28.0,2.0,0.4117647058823529,0.3783783783783784,0.2222222222222222,Endurance
102169,16.0,68.0,16.0,8.0,26.0,7.0,0.5,0.38235294117647056,0.4375,Endurance
102179,14.0,79.0,7.0,4.0,32.0,3.0,0.2857142857142857,0.4050632911392405,0.42857142857142855,Balanced
102184,14.0,70.0,16.0,7.0,20.0,5.0,0.5,0.2857142857142857,0.3125,Endurance
102201,17.0,72.0,11.0,7.0,24.0,4.0,0.4117647058823529,0.3333333333333333,0.36363636363636365,Endurance
102202,16.0,78.0,6.0,9.0,27.0,1.0,0.5625,0.34615384615384615,0.16666666666666666,Endurance
102205,14.0,79.0,7.0,7.0,32.0,0.0,0.5,0.4050632911392405,0.0,Endurance
102223,13.0,76.0,11.0,4.0,23.0,3.0,0.3076923076923077,0.3026315789473684,0.2727272727272727,Endurance
102227,19.0,67.0,14.0,7.0,26.0,4.0,0.3684210526315789,0.3880597014925373,0.2857142857142857,Balanced
102231,19.0,68.0,13.0,5.0,25.0,4.0,0.2631578947368421,0.36764705882352944,0.3076923076923077,Balanced
102233,12.0,70.0,18.0,6.0,31.0,4.0,0.5,0.44285714285714284,0.2222222222222222,Endurance
102234,8.0,77.0,15.0,2.0,26.0,6.0,0.25,0.33766233766233766,0.4,Sprinter
102235,14.0,51.0,17.0,4.0,25.0,4.0,0.2857142857142857,0.49019607843137253,0.23529411764705882,Balanced
102238,12.0,68.0,20.0,5.0,33.0,5.0,0.4166666666666667,0.4852941176470588,0.25,Balanced
102247,18.0,72.0,10.0,4.0,27.0,2.0,0.2222222222222222,0.375,0.2,Balanced
102257,10.0,82.0,8.0,5.0,42.0,2.0,0.5,0.5121951219512195,0.25,Balanced
102259,14.0,60.0,26.0,5.0,30.0,9.0,0.35714285714285715,0.5,0.34615384615384615,Balanced
102269,6.0,45.0,6.0,1.0,13.0,2.0,0.16666666666666666,0.28888888888888886,0.3333333333333333,Balanced
102271,16.0,72.0,12.0,7.0,31.0,2.0,0.4375,0.4305555555555556,0.16666666666666666,Endurance
102286,14.0,77.0,9.0,7.0,29.0,5.0,0.5,0.37662337662337664,0.5555555555555556,Balanced
102287,11.0,77.0,12.0,4.0,17.0,4.0,0.36363636363636365,0.22077922077922077,0.3333333333333333,Endurance
102306,4.0,55.0,9.0,1.0,18.0,4.0,0.25,0.32727272727272727,0.4444444444444444,Balanced
102318,12.0,76.0,12.0,3.0,26.0,3.0,0.25,0.34210526315789475,0.25,Balanced
102338,15.0,77.0,8.0,6.0,42.0,4.0,0.4,0.5454545454545454,0.5,Balanced
102344,20.0,71.0,9.0,10.0,38.0,1.0,0.5,0.5352112676056338,0.1111111111111111,Balanced
102358,21.0,73.0,6.0,7.0,22.0,2.0,0.3333333333333333,0.3013698630136986,0.3333333333333333,Endurance
102369,15.0,82.0,3.0,7.0,30.0,2.0,0.4666666666666667,0.36585365853658536,0.6666666666666666,Balanced
102374,28.0,68.0,4.0,13.0,21.0,1.0,0.4642857142857143,0.3088235294117647,0.25,Endurance
102375,9.0,51.0,12.0,2.0,13.0,5.0,0.2222222222222222,0.2549019607843137,0.4166666666666667,Sprinter
102381,13.0,37.0,4.0,6.0,9.0,0.0,0.46153846153846156,0.24324324324324326,0.0,Endurance
102394,9.0,80.0,11.0,3.0,35.0,1.0,0.3333333333333333,0.4375,0.09090909090909091,Balanced
102401,18.0,66.0,16.0,4.0,24.0,4.0,0.2222222222222222,0.36363636363636365,0.25,Balanced
102434,10.0,72.0,18.0,2.0,30.0,6.0,0.2,0.4166666666666667,0.3333333333333333,Balanced
102437,13.0,63.0,24.0,8.0,24.0,4.0,0.6153846153846154,0.38095238095238093,0.16666666666666666,Endurance
102446,12.0,74.0,14.0,6.0,39.0,2.0,0.5,0.527027027027027,0.14285714285714285,Balanced
102450,20.0,74.0,6.0,8.0,36.0,6.0,0.4,0.4864864864864865,1.0,Balanced
102456,21.0,65.0,14.0,12.0,27.0,7.0,0.5714285714285714,0.4153846153846154,0.5,Endurance
102466,9.0,66.0,25.0,7.0,22.0,8.0,0.7777777777777778,0.3333333333333333,0.32,Balanced
102477,9.0,63.0,9.0,3.0,20.0,5.0,0.3333333333333333,0.31746031746031744,0.5555555555555556,Balanced
102491,10.0,66.0,16.0,4.0,26.0,8.0,0.4,0.3939393939393939,0.5,Sprinter
102494,9.0,74.0,17.0,4.0,26.0,3.0,0.4444444444444444,0.35135135135135137,0.17647058823529413,Balanced
102521,13.0,75.0,12.0,6.0,31.0,4.0,0.46153846153846156,0.41333333333333333,0.3333333333333333,Endurance
102524,14.0,60.0,6.0,9.0,21.0,3.0,0.6428571428571429,0.35,0.5,Endurance
102533,19.0,61.0,20.0,6.0,26.0,5.0,0.3157894736842105,0.4262295081967213,0.25,Balanced
102539,5.0,70.0,25.0,2.0,28.0,7.0,0.4,0.4,0.28,Balanced
102548,6.0,79.0,15.0,1.0,20.0,6.0,0.16666666666666666,0.25316455696202533,0.4,Sprinter
102562,9.0,67.0,24.0,4.0,29.0,9.0,0.4444444444444444,0.43283582089552236,0.375,Balanced
102563,16.0,69.0,15.0,7.0,28.0,7.0,0.4375,0.4057971014492754,0.4666666666666667,Sprinter
102565,18.0,68.0,4.0,7.0,19.0,1.0,0.3888888888888889,0.27941176470588236,0.25,Endurance
102567,16.0,76.0,8.0,6.0,19.0,2.0,0.375,0.25,0.25,Endurance
102571,15.0,65.0,8.0,8.0,24.0,3.0,0.5333333333333333,0.36923076923076925,0.375,Endurance
102607,9.0,64.0,14.0,3.0,30.0,6.0,0.3333333333333333,0.46875,0.42857142857142855,Balanced
102610,30.0,66.0,4.0,13.0,24.0,1.0,0.43333333333333335,0.36363636363636365,0.25,Endurance
102615,5.0,81.0,14.0,2.0,28.0,6.0,0.4,0.345679012345679,0.42857142857142855,Sprinter
102642,12.0,73.0,15.0,4.0,30.0,6.0,0.3333333333333333,0.410958904109589,0.4,Balanced
102644,15.0,75.0,10.0,2.0,31.0,7.0,0.13333333333333333,0.41333333333333333,0.7,Sprinter
102650,12.0,43.0,12.0,5.0,15.0,3.0,0.4166666666666667,0.3488372093023256,0.25,Endurance
102652,4.0,56.0,5.0,1.0,14.0,2.0,0.25,0.25,0.4,Balanced
102694,14.0,73.0,13.0,8.0,19.0,2.0,0.5714285714285714,0.2602739726027397,0.15384615384615385,Endurance
102701,9.0,68.0,23.0,5.0,37.0,14.0,0.5555555555555556,0.5441176470588235,0.6086956521739131,Sprinter
102703,11.0,77.0,12.0,5.0,34.0,6.0,0.45454545454545453,0.44155844155844154,0.5,Sprinter
102720,11.0,80.0,9.0,3.0,25.0,1.0,0.2727272727272727,0.3125,0.1111111111111111,Balanced
102722,12.0,57.0,7.0,9.0,19.0,1.0,0.75,0.3333333333333333,0.14285714285714285,Endurance
102730,13.0,69.0,18.0,2.0,24.0,6.0,0.15384615384615385,0.34782608695652173,0.3333333333333333,Balanced
102765,23.0,68.0,9.0,12.0,40.0,4.0,0.5217391304347826,0.5882352941176471,0.4444444444444444,Balanced
102770,19.0,64.0,17.0,6.0,20.0,4.0,0.3157894736842105,0.3125,0.23529411764705882,Endurance
102776,13.0,71.0,16.0,5.0,29.0,3.0,0.38461538461538464,0.4084507042253521,0.1875,Balanced
102783,12.0,76.0,12.0,3.0,23.0,6.0,0.25,0.3026315789473684,0.5,Sprinter
102788,4.0,73.0,11.0,1.0,25.0,3.0,0.25,0.3424657534246575,0.2727272727272727,Balanced
102796,14.0,74.0,12.0,4.0,35.0,6.0,0.2857142857142857,0.47297297297297297,0.5,Sprinter
102821,20.0,68.0,12.0,4.0,23.0,3.0,0.2,0.3382352941176471,0.25,Balanced
102831,14.0,64.0,12.0,4.0,19.0,5.0,0.2857142857142857,0.296875,0.4166666666666667,Sprinter
102834,9.0,78.0,13.0,3.0,33.0,7.0,0.3333333333333333,0.4230769230769231,0.5384615384615384,Sprinter
102839,30.0,66.0,4.0,14.0,23.0,1.0,0.4666666666666667,0.3484848484848485,0.25,Endurance
102845,21.0,74.0,5.0,12.0,33.0,0.0,0.5714285714285714,0.44594594594594594,0.0,Endurance
102854,18.0,71.0,11.0,13.0,32.0,4.0,0.7222222222222222,0.4507042253521127,0.36363636363636365,Endurance
102856,20.0,67.0,13.0,12.0,33.0,6.0,0.6,0.4925373134328358,0.46153846153846156,Endurance
102860,13.0,74.0,13.0,4.0,32.0,7.0,0.3076923076923077,0.43243243243243246,0.5384615384615384,Sprinter
102863,9.0,39.0,9.0,4.0,17.0,2.0,0.4444444444444444,0.4358974358974359,0.2222222222222222,Balanced
102869,13.0,72.0,15.0,5.0,21.0,4.0,0.38461538461538464,0.2916666666666667,0.26666666666666666,Endurance
102880,13.0,74.0,13.0,5.0,25.0,6.0,0.38461538461538464,0.33783783783783783,0.46153846153846156,Sprinter
102882,18.0,74.0,8.0,12.0,36.0,1.0,0.6666666666666666,0.4864864864864865,0.125,Endurance
102887,14.0,69.0,17.0,8.0,20.0,3.0,0.5714285714285714,0.2898550724637681,0.17647058823529413,Endurance
102905,13.0,64.0,23.0,5.0,27.0,10.0,0.38461538461538464,0.421875,0.43478260869565216,Sprinter
102911,11.0,67.0,14.0,6.0,22.0,6.0,0.5454545454545454,0.3283582089552239,0.42857142857142855,Endurance
102925,16.0,78.0,6.0,5.0,24.0,4.0,0.3125,0.3076923076923077,0.6666666666666666,Balanced
102950,14.0,73.0,13.0,7.0,23.0,2.0,0.5,0.3150684931506849,0.15384615384615385,Endurance
102967,11.0,72.0,17.0,4.0,16.0,9.0,0.36363636363636365,0.2222222222222222,0.5294117647058824,Sprinter
102987,16.0,72.0,12.0,7.0,21.0,4.0,0.4375,0.2916666666666667,0.3333333333333333,Endurance
102998,6.0,86.0,8.0,2.0,31.0,6.0,0.3333333333333333,0.36046511627906974,0.75,Balanced
102999,11.0,38.0,3.0,4.0,11.0,2.0,0.36363636363636365,0.2894736842105263,0.6666666666666666,Balanced
103009,4.0,39.0,16.0,1.0,13.0,3.0,0.25,0.3333333333333333,0.1875,Balanced
103017,16.0,74.0,10.0,7.0,41.0,5.0,0.4375,0.5540540540540541,0.5,Balanced
103018,22.0,70.0,8.0,9.0,19.0,4.0,0.4090909090909091,0.2714285714285714,0.5,Balanced
103031,10.0,69.0,21.0,3.0,27.0,9.0,0.3,0.391304347826087,0.42857142857142855,Sprinter
103035,6.0,39.0,5.0,3.0,13.0,0.0,0.5,0.3333333333333333,0.0,Balanced
103082,13.0,46.0,7.0,6.0,19.0,1.0,0.46153846153846156,0.41304347826086957,0.14285714285714285,Endurance
103084,21.0,75.0,4.0,9.0,33.0,2.0,0.42857142857142855,0.44,0.5,Balanced
103096,24.0,73.0,3.0,12.0,24.0,1.0,0.5,0.3287671232876712,0.3333333333333333,Endurance
103103,15.0,74.0,11.0,9.0,22.0,8.0,0.6,0.2972972972972973,0.7272727272727273,Sprinter
103105,15.0,79.0,6.0,5.0,18.0,1.0,0.3333333333333333,0.22784810126582278,0.16666666666666666,Endurance
103110,17.0,53.0,13.0,6.0,23.0,3.0,0.35294117647058826,0.4339622641509434,0.23076923076923078,Balanced
103114,6.0,43.0,14.0,2.0,16.0,1.0,0.3333333333333333,0.37209302325581395,0.07142857142857142,Balanced
103133,7.0,45.0,12.0,3.0,18.0,3.0,0.42857142857142855,0.4,0.25,Balanced
103151,15.0,79.0,6.0,4.0,35.0,4.0,0.26666666666666666,0.4430379746835443,0.6666666666666666,Balanced
103163,6.0,85.0,9.0,2.0,48.0,4.0,0.3333333333333333,0.5647058823529412,0.4444444444444444,Balanced
103166,14.0,65.0,21.0,7.0,29.0,8.0,0.5,0.4461538461538462,0.38095238095238093,Endurance
103169,12.0,78.0,10.0,5.0,29.0,2.0,0.4166666666666667,0.3717948717948718,0.2,Endurance
103171,16.0,70.0,14.0,4.0,28.0,7.0,0.25,0.4,0.5,Sprinter
103174,8.0,50.0,5.0,2.0,17.0,1.0,0.25,0.34,0.2,Balanced
103176,15.0,75.0,10.0,8.0,24.0,0.0,0.5333333333333333,0.32,0.0,Endurance
103181,13.0,66.0,21.0,4.0,24.0,3.0,0.3076923076923077,0.36363636363636365,0.14285714285714285,Balanced
103182,15.0,70.0,15.0,4.0,29.0,3.0,0.26666666666666666,0.4142857142857143,0.2,Balanced
103184,2.0,37.0,13.0,1.0,11.0,4.0,0.5,0.2972972972972973,0.3076923076923077,Balanced
103188,15.0,75.0,10.0,4.0,29.0,3.0,0.26666666666666666,0.38666666666666666,0.3,Balanced
103193,9.0,69.0,22.0,4.0,27.0,11.0,0.4444444444444444,0.391304347826087,0.5,Sprinter
103206,22.0,69.0,9.0,8.0,25.0,5.0,0.36363636363636365,0.36231884057971014,0.5555555555555556,Balanced
103228,11.0,64.0,9.0,1.0,18.0,1.0,0.09090909090909091,0.28125,0.1111111111111111,Balanced
103240,7.0,67.0,26.0,1.0,16.0,4.0,0.14285714285714285,0.23880597014925373,0.15384615384615385,Balanced
103248,6.0,72.0,22.0,1.0,22.0,3.0,0.16666666666666666,0.3055555555555556,0.13636363636363635,Balanced
103252,13.0,73.0,14.0,3.0,32.0,1.0,0.23076923076923078,0.4383561643835616,0.07142857142857142,Balanced
103264,13.0,70.0,17.0,8.0,27.0,8.0,0.6153846153846154,0.38571428571428573,0.47058823529411764,Endurance
103280,17.0,74.0,9.0,11.0,32.0,4.0,0.6470588235294118,0.43243243243243246,0.4444444444444444,Endurance
103285,21.0,72.0,7.0,7.0,33.0,5.0,0.3333333333333333,0.4583333333333333,0.7142857142857143,Balanced
103292,22.0,68.0,10.0,5.0,30.0,2.0,0.22727272727272727,0.4411764705882353,0.2,Balanced
103294,7.0,59.0,34.0,3.0,11.0,7.0,0.42857142857142855,0.1864406779661017,0.20588235294117646,Balanced
103319,6.0,68.0,14.0,0.0,25.0,7.0,0.0,0.36764705882352944,0.5,Sprinter
103324,17.0,71.0,12.0,3.0,21.0,4.0,0.17647058823529413,0.29577464788732394,0.3333333333333333,Sprinter
103325,15.0,70.0,15.0,5.0,28.0,7.0,0.3333333333333333,0.4,0.4666666666666667,Sprinter
103333,15.0,75.0,10.0,7.0,30.0,3.0,0.4666666666666667,0.4,0.3,Endurance
103344,21.0,70.0,9.0,12.0,38.0,4.0,0.5714285714285714,0.5428571428571428,0.4444444444444444,Endurance
103356,12.0,81.0,7.0,4.0,30.0,1.0,0.3333333333333333,0.37037037037037035,0.14285714285714285,Balanced
103373,9.0,67.0,8.0,2.0,17.0,4.0,0.2222222222222222,0.2537313432835821,0.5,Balanced
103387,13.0,66.0,21.0,4.0,25.0,7.0,0.3076923076923077,0.3787878787878788,0.3333333333333333,Balanced
103401,13.0,75.0,12.0,7.0,21.0,5.0,0.5384615384615384,0.28,0.4166666666666667,Endurance
103408,9.0,48.0,7.0,3.0,16.0,2.0,0.3333333333333333,0.3333333333333333,0.2857142857142857,Balanced
103420,8.0,64.0,19.0,3.0,28.0,8.0,0.375,0.4375,0.42105263157894735,Balanced
103428,18.0,73.0,9.0,8.0,27.0,5.0,0.4444444444444444,0.3698630136986301,0.5555555555555556,Balanced
103429,16.0,76.0,8.0,2.0,26.0,2.0,0.125,0.34210526315789475,0.25,Balanced
103444,22.0,70.0,8.0,11.0,21.0,1.0,0.5,0.3,0.125,Endurance
103451,9.0,74.0,17.0,3.0,27.0,7.0,0.3333333333333333,0.36486486486486486,0.4117647058823529,Sprinter
103454,38.0,58.0,4.0,11.0,18.0,0.0,0.2894736842105263,0.3103448275862069,0.0,Balanced
103470,10.0,73.0,17.0,3.0,24.0,2.0,0.3,0.3287671232876712,0.11764705882352941,Balanced
103484,6.0,76.0,18.0,2.0,29.0,9.0,0.3333333333333333,0.3815789473684211,0.5,Sprinter
103490,15.0,66.0,15.0,4.0,28.0,5.0,0.26666666666666666,0.42424242424242425,0.3333333333333333,Balanced
103498,17.0,77.0,6.0,7.0,31.0,2.0,0.4117647058823529,0.4025974025974026,0.3333333333333333,Endurance
103503,5.0,45.0,8.0,2.0,14.0,4.0,0.4,0.3111111111111111,0.5,Balanced
103506,17.0,76.0,7.0,9.0,24.0,0.0,0.5294117647058824,0.3157894736842105,0.0,Endurance
103507,15.0,72.0,13.0,6.0,44.0,7.0,0.4,0.6111111111111112,0.5384615384615384,Balanced
103534,13.0,48.0,9.0,5.0,15.0,3.0,0.38461538461538464,0.3125,0.3333333333333333,Endurance
103535,18.0,53.0,6.0,5.0,18.0,2.0,0.2777777777777778,0.33962264150943394,0.3333333333333333,Balanced
103565,9.0,74.0,17.0,3.0,22.0,3.0,0.3333333333333333,0.2972972972972973,0.17647058823529413,Balanced
103566,10.0,69.0,21.0,4.0,35.0,6.0,0.4,0.5072463768115942,0.2857142857142857,Balanced
103573,6.0,43.0,8.0,2.0,15.0,2.0,0.3333333333333333,0.3488372093023256,0.25,Balanced
103580,6.0,53.0,4.0,1.0,15.0,2.0,0.16666666666666666,0.2830188679245283,0.5,Balanced
103581,17.0,75.0,8.0,10.0,33.0,2.0,0.5882352941176471,0.44,0.25,Endurance
103582,15.0,74.0,11.0,6.0,25.0,3.0,0.4,0.33783783783783783,0.2727272727272727,Endurance
103598,8.0,78.0,14.0,3.0,29.0,2.0,0.375,0.3717948717948718,0.14285714285714285,Balanced
103602,11.0,80.0,9.0,4.0,47.0,7.0,0.36363636363636365,0.5875,0.7777777777777778,Balanced
103607,8.0,73.0,16.0,3.0,34.0,3.0,0.375,0.4657534246575342,0.1875,Balanced
103632,18.0,68.0,14.0,3.0,30.0,4.0,0.16666666666666666,0.4411764705882353,0.2857142857142857,Balanced
103656,6.0,81.0,13.0,3.0,39.0,2.0,0.5,0.48148148148148145,0.15384615384615385,Balanced
103672,13.0,70.0,17.0,6.0,22.0,4.0,0.46153846153846156,0.3142857142857143,0.23529411764705882,Endurance
103693,6.0,53.0,16.0,0.0,16.0,6.0,0.0,0.3018867924528302,0.375,Sprinter
103694,15.0,73.0,12.0,8.0,26.0,3.0,0.5333333333333333,0.3561643835616438,0.25,Endurance
103709,9.0,72.0,19.0,3.0,18.0,9.0,0.3333333333333333,0.25,0.47368421052631576,Sprinter
103714,9.0,80.0,11.0,5.0,29.0,4.0,0.5555555555555556,0.3625,0.36363636363636365,Balanced
103720,23.0,69.0,8.0,9.0,39.0,2.0,0.391304347826087,0.5652173913043478,0.25,Balanced
103722,12.0,65.0,23.0,6.0,18.0,4.0,0.5,0.27692307692307694,0.17391304347826086,Endurance
103752,6.0,78.0,16.0,1.0,27.0,4.0,0.16666666666666666,0.34615384615384615,0.25,Balanced
103758,10.0,72.0,18.0,6.0,26.0,7.0,0.6,0.3611111111111111,0.3888888888888889,Endurance
103781,16.0,71.0,13.0,8.0,31.0,5.0,0.5,0.43661971830985913,0.38461538461538464,Endurance
103786,11.0,79.0,10.0,6.0,36.0,3.0,0.5454545454545454,0.45569620253164556,0.3,Endurance
103789,16.0,64.0,20.0,6.0,24.0,2.0,0.375,0.375,0.1,Endurance
103794,8.0,78.0,14.0,5.0,31.0,5.0,0.625,0.3974358974358974,0.35714285714285715,Balanced
103808,8.0,76.0,16.0,3.0,24.0,5.0,0.375,0.3157894736842105,0.3125,Balanced
103812,11.0,82.0,7.0,3.0,30.0,3.0,0.2727272727272727,0.36585365853658536,0.42857142857142855,Balanced
103813,6.0,81.0,13.0,2.0,27.0,7.0,0.3333333333333333,0.3333333333333333,0.5384615384615384,Sprinter
103819,16.0,68.0,16.0,9.0,51.0,15.0,0.5625,0.75,0.9375,Sprinter
103821,8.0,50.0,12.0,2.0,13.0,3.0,0.25,0.26,0.25,Balanced
103823,7.0,62.0,20.0,2.0,25.0,5.0,0.2857142857142857,0.4032258064516129,0.25,Balanced
103835,4.0,80.0,16.0,0.0,25.0,5.0,0.0,0.3125,0.3125,Sprinter
103843,18.0,72.0,10.0,8.0,24.0,3.0,0.4444444444444444,0.3333333333333333,0.3,Endurance
103852,13.0,72.0,15.0,6.0,23.0,4.0,0.46153846153846156,0.3194444444444444,0.26666666666666666,Endurance
103857,13.0,76.0,11.0,4.0,20.0,1.0,0.3076923076923077,0.2631578947368421,0.09090909090909091,Endurance
103868,12.0,79.0,7.0,3.0,27.0,4.0,0.25,0.34177215189873417,0.5714285714285714,Balanced
103888,21.0,71.0,8.0,11.0,42.0,7.0,0.5238095238095238,0.5915492957746479,0.875,Balanced
103893,26.0,68.0,6.0,11.0,22.0,1.0,0.4230769230769231,0.3235294117647059,0.16666666666666666,Endurance
103898,17.0,70.0,13.0,5.0,25.0,4.0,0.29411764705882354,0.35714285714285715,0.3076923076923077,Balanced
103900,13.0,76.0,11.0,5.0,44.0,9.0,0.38461538461538464,0.5789473684210527,0.8181818181818182,Sprinter
103908,8.0,84.0,8.0,4.0,25.0,2.0,0.5,0.2976190476190476,0.25,Balanced
103909,21.0,64.0,15.0,12.0,35.0,7.0,0.5714285714285714,0.546875,0.4666666666666667,Endurance
103917,9.0,88.0,3.0,4.0,42.0,2.0,0.4444444444444444,0.4772727272727273,0.6666666666666666,Balanced
103970,12.0,80.0,8.0,6.0,30.0,5.0,0.5,0.375,0.625,Balanced
103971,17.0,72.0,11.0,7.0,21.0,1.0,0.4117647058823529,0.2916666666666667,0.09090909090909091,Endurance
103990,16.0,72.0,12.0,8.0,33.0,4.0,0.5,0.4583333333333333,0.3333333333333333,Endurance
103997,21.0,72.0,7.0,9.0,25.0,2.0,0.42857142857142855,0.3472222222222222,0.2857142857142857,Endurance
104019,19.0,62.0,19.0,5.0,21.0,5.0,0.2631578947368421,0.3387096774193548,0.2631578947368421,Balanced
104022,14.0,77.0,9.0,2.0,32.0,0.0,0.14285714285714285,0.4155844155844156,0.0,Balanced
104025,10.0,57.0,11.0,3.0,20.0,2.0,0.3,0.3508771929824561,0.18181818181818182,Balanced
104026,14.0,69.0,17.0,9.0,41.0,9.0,0.6428571428571429,0.5942028985507246,0.5294117647058824,Endurance
104035,15.0,71.0,14.0,7.0,20.0,1.0,0.4666666666666667,0.28169014084507044,0.07142857142857142,Endurance
104043,9.0,41.0,3.0,3.0,18.0,1.0,0.3333333333333333,0.43902439024390244,0.3333333333333333,Balanced
104053,15.0,72.0,13.0,7.0,41.0,7.0,0.4666666666666667,0.5694444444444444,0.5384615384615384,Balanced
104068,12.0,77.0,11.0,5.0,22.0,3.0,0.4166666666666667,0.2857142857142857,0.2727272727272727,Endurance
104076,10.0,75.0,15.0,4.0,43.0,3.0,0.4,0.5733333333333334,0.2,Balanced
104081,12.0,51.0,6.0,6.0,16.0,2.0,0.5,0.3137254901960784,0.3333333333333333,Endurance
104098,10.0,79.0,11.0,5.0,35.0,5.0,0.5,0.4430379746835443,0.45454545454545453,Endurance
104122,20.0,77.0,3.0,7.0,31.0,3.0,0.35,0.4025974025974026,1.0,Balanced
104154,13.0,63.0,24.0,7.0,21.0,7.0,0.5384615384615384,0.3333333333333333,0.2916666666666667,Endurance
104160,8.0,43.0,16.0,3.0,10.0,5.0,0.375,0.23255813953488372,0.3125,Balanced
104166,15.0,72.0,13.0,4.0,26.0,6.0,0.26666666666666666,0.3611111111111111,0.46153846153846156,Sprinter
104180,13.0,83.0,4.0,5.0,32.0,2.0,0.38461538461538464,0.3855421686746988,0.5,Balanced
104198,13.0,79.0,8.0,4.0,20.0,3.0,0.3076923076923077,0.25316455696202533,0.375,Balanced
104214,20.0,73.0,7.0,9.0,27.0,2.0,0.45,0.3698630136986301,0.2857142857142857,Endurance
104216,18.0,66.0,4.0,11.0,16.0,1.0,0.6111111111111112,0.24242424242424243,0.25,Endurance
104225,6.0,70.0,24.0,2.0,20.0,7.0,0.3333333333333333,0.2857142857142857,0.2916666666666667,Balanced
104229,9.0,68.0,23.0,4.0,24.0,10.0,0.4444444444444444,0.35294117647058826,0.43478260869565216,Balanced
104230,12.0,32.0,9.0,4.0,12.0,3.0,0.3333333333333333,0.375,0.3333333333333333,Balanced
104252,7.0,71.0,22.0,3.0,22.0,5.0,0.42857142857142855,0.30985915492957744,0.22727272727272727,Balanced
104259,19.0,66.0,15.0,8.0,20.0,7.0,0.42105263157894735,0.30303030303030304,0.4666666666666667,Sprinter
104262,16.0,68.0,16.0,10.0,20.0,5.0,0.625,0.29411764705882354,0.3125,Endurance
104268,11.0,67.0,22.0,4.0,22.0,4.0,0.36363636363636365,0.3283582089552239,0.18181818181818182,Endurance
104269,16.0,74.0,10.0,5.0,31.0,3.0,0.3125,0.4189189189189189,0.3,Balanced
104273,14.0,81.0,5.0,4.0,29.0,2.0,0.2857142857142857,0.35802469135802467,0.4,Balanced
104291,14.0,65.0,21.0,6.0,21.0,5.0,0.42857142857142855,0.3230769230769231,0.23809523809523808,Endurance
104297,15.0,60.0,9.0,5.0,15.0,4.0,0.3333333333333333,0.25,0.4444444444444444,Balanced
104308,11.0,64.0,4.0,2.0,16.0,1.0,0.18181818181818182,0.25,0.25,Balanced
104312,17.0,77.0,6.0,6.0,26.0,3.0,0.35294117647058826,0.33766233766233766,0.5,Balanced
104327,18.0,66.0,16.0,9.0,23.0,5.0,0.5,0.3484848484848485,0.3125,Endurance
104330,8.0,72.0,20.0,3.0,25.0,4.0,0.375,0.3472222222222222,0.2,Balanced
104332,12.0,75.0,13.0,2.0,29.0,5.0,0.16666666666666666,0.38666666666666666,0.38461538461538464,Balanced
104338,17.0,75.0,8.0,7.0,38.0,5.0,0.4117647058823529,0.5066666666666667,0.625,Balanced
104339,16.0,77.0,7.0,12.0,40.0,4.0,0.75,0.5194805194805194,0.5714285714285714,Endurance
104349,10.0,35.0,5.0,1.0,9.0,3.0,0.1,0.2571428571428571,0.6,Balanced
104371,8.0,71.0,20.0,0.0,28.0,5.0,0.0,0.39436619718309857,0.25,Balanced
104386,23.0,66.0,11.0,11.0,26.0,2.0,0.4782608695652174,0.3939393939393939,0.18181818181818182,Endurance
104417,16.0,73.0,11.0,11.0,48.0,10.0,0.6875,0.6575342465753424,0.9090909090909091,Sprinter
104424,10.0,81.0,9.0,8.0,19.0,3.0,0.8,0.2345679012345679,0.3333333333333333,Endurance
104433,10.0,73.0,17.0,2.0,26.0,2.0,0.2,0.3561643835616438,0.11764705882352941,Balanced
104460,4.0,71.0,25.0,1.0,27.0,9.0,0.25,0.38028169014084506,0.36,Balanced
104468,17.0,77.0,6.0,8.0,28.0,2.0,0.47058823529411764,0.36363636363636365,0.3333333333333333,Endurance
104471,18.0,70.0,12.0,5.0,23.0,5.0,0.2777777777777778,0.32857142857142857,0.4166666666666667,Sprinter
104499,11.0,45.0,7.0,6.0,12.0,4.0,0.5454545454545454,0.26666666666666666,0.5714285714285714,Balanced
104500,15.0,78.0,7.0,5.0,29.0,6.0,0.3333333333333333,0.3717948717948718,0.8571428571428571,Balanced
104523,11.0,72.0,17.0,6.0,29.0,6.0,0.5454545454545454,0.4027777777777778,0.35294117647058826,Endurance
104527,15.0,74.0,11.0,5.0,36.0,3.0,0.3333333333333333,0.4864864864864865,0.2727272727272727,Balanced
104534,10.0,74.0,16.0,5.0,22.0,7.0,0.5,0.2972972972972973,0.4375,Endurance
104542,14.0,73.0,13.0,4.0,33.0,7.0,0.2857142857142857,0.4520547945205479,0.5384615384615384,Sprinter
104545,14.0,77.0,9.0,4.0,44.0,5.0,0.2857142857142857,0.5714285714285714,0.5555555555555556,Balanced
104547,13.0,74.0,13.0,6.0,27.0,7.0,0.46153846153846156,0.36486486486486486,0.5384615384615384,Sprinter
104548,11.0,44.0,5.0,3.0,17.0,0.0,0.2727272727272727,0.38636363636363635,0.0,Balanced
104559,12.0,79.0,9.0,5.0,29.0,4.0,0.4166666666666667,0.3670886075949367,0.4444444444444444,Balanced
104571,12.0,78.0,10.0,6.0,32.0,4.0,0.5,0.41025641025641024,0.4,Endurance
104586,15.0,69.0,16.0,6.0,27.0,2.0,0.4,0.391304347826087,0.125,Endurance
104589,8.0,76.0,11.0,3.0,25.0,8.0,0.375,0.32894736842105265,0.7272727272727273,Sprinter
104593,11.0,76.0,13.0,3.0,27.0,4.0,0.2727272727272727,0.35526315789473684,0.3076923076923077,Balanced
104594,16.0,71.0,13.0,5.0,32.0,4.0,0.3125,0.4507042253521127,0.3076923076923077,Balanced
104597,9.0,82.0,9.0,6.0,34.0,5.0,0.6666666666666666,0.4146341463414634,0.5555555555555556,Balanced
104607,7.0,83.0,10.0,4.0,45.0,9.0,0.5714285714285714,0.5421686746987951,0.9,Sprinter
104620,14.0,76.0,10.0,7.0,28.0,7.0,0.5,0.3684210526315789,0.7,Sprinter
104639,26.0,64.0,9.0,13.0,26.0,2.0,0.5,0.40625,0.2222222222222222,Endurance
104655,13.0,71.0,16.0,4.0,32.0,5.0,0.3076923076923077,0.4507042253521127,0.3125,Balanced
104660,13.0,73.0,14.0,4.0,25.0,7.0,0.3076923076923077,0.3424657534246575,0.5,Sprinter
104665,15.0,76.0,9.0,7.0,30.0,1.0,0.4666666666666667,0.39473684210526316,0.1111111111111111,Endurance
104676,16.0,76.0,8.0,8.0,27.0,3.0,0.5,0.35526315789473684,0.375,Endurance
104678,11.0,74.0,15.0,7.0,25.0,4.0,0.6363636363636364,0.33783783783783783,0.26666666666666666,Endurance
104719,11.0,75.0,14.0,5.0,25.0,8.0,0.45454545454545453,0.3333333333333333,0.5714285714285714,Sprinter
104724,17.0,74.0,8.0,7.0,28.0,3.0,0.4117647058823529,0.3783783783783784,0.375,Endurance
104731,21.0,69.0,10.0,10.0,32.0,5.0,0.47619047619047616,0.463768115942029,0.5,Sprinter
104735,14.0,78.0,8.0,3.0,28.0,3.0,0.21428571428571427,0.358974358974359,0.375,Balanced
104745,32.0,65.0,3.0,26.0,47.0,3.0,0.8125,0.7230769230769231,1.0,Balanced
104755,12.0,75.0,13.0,6.0,32.0,3.0,0.5,0.4266666666666667,0.23076923076923078,Endurance
104792,12.0,73.0,15.0,6.0,39.0,8.0,0.5,0.5342465753424658,0.5333333333333333,Balanced
104797,14.0,67.0,19.0,7.0,21.0,8.0,0.5,0.31343283582089554,0.42105263157894735,Endurance
104813,17.0,42.0,9.0,8.0,19.0,3.0,0.47058823529411764,0.4523809523809524,0.3333333333333333,Endurance
104868,8.0,42.0,9.0,1.0,9.0,3.0,0.125,0.21428571428571427,0.3333333333333333,Balanced
104871,16.0,66.0,18.0,6.0,33.0,8.0,0.375,0.5,0.4444444444444444,Balanced
104882,23.0,68.0,9.0,7.0,24.0,3.0,0.30434782608695654,0.35294117647058826,0.3333333333333333,Balanced
104890,15.0,67.0,11.0,8.0,22.0,2.0,0.5333333333333333,0.3283582089552239,0.18181818181818182,Endurance
104897,9.0,67.0,8.0,3.0,25.0,2.0,0.3333333333333333,0.373134328358209,0.25,Balanced
104898,13.0,76.0,11.0,3.0,33.0,8.0,0.23076923076923078,0.4342105263157895,0.7272727272727273,Sprinter
104918,35.0,58.0,7.0,16.0,27.0,3.0,0.45714285714285713,0.46551724137931033,0.42857142857142855,Balanced
104919,19.0,71.0,10.0,7.0,31.0,2.0,0.3684210526315789,0.43661971830985913,0.2,Balanced
104925,32.0,59.0,9.0,24.0,48.0,8.0,0.75,0.8135593220338984,0.8888888888888888,Balanced
104926,18.0,69.0,13.0,9.0,27.0,2.0,0.5,0.391304347826087,0.15384615384615385,Endurance
104932,6.0,64.0,11.0,1.0,20.0,4.0,0.16666666666666666,0.3125,0.36363636363636365,Sprinter
104947,10.0,50.0,10.0,8.0,9.0,4.0,0.8,0.18,0.4,Endurance
104976,8.0,70.0,12.0,1.0,27.0,6.0,0.125,0.38571428571428573,0.5,Sprinter
104978,9.0,79.0,12.0,1.0,33.0,3.0,0.1111111111111111,0.4177215189873418,0.25,Balanced
104979,12.0,76.0,12.0,2.0,16.0,4.0,0.16666666666666666,0.21052631578947367,0.3333333333333333,Sprinter
104997,7.0,74.0,19.0,0.0,25.0,8.0,0.0,0.33783783783783783,0.42105263157894735,Sprinter
104999,6.0,71.0,23.0,3.0,21.0,1.0,0.5,0.29577464788732394,0.043478260869565216,Balanced
105011,18.0,78.0,4.0,4.0,24.0,2.0,0.2222222222222222,0.3076923076923077,0.5,Balanced
105023,5.0,75.0,20.0,1.0,29.0,10.0,0.2,0.38666666666666666,0.5,Sprinter
105028,15.0,60.0,20.0,4.0,20.0,7.0,0.26666666666666666,0.3333333333333333,0.35,Sprinter
105032,6.0,63.0,6.0,4.0,18.0,2.0,0.6666666666666666,0.2857142857142857,0.3333333333333333,Balanced
105041,7.0,75.0,18.0,4.0,25.0,7.0,0.5714285714285714,0.3333333333333333,0.3888888888888889,Balanced
105051,5.0,73.0,22.0,3.0,27.0,9.0,0.6,0.3698630136986301,0.4090909090909091,Balanced
105053,16.0,76.0,8.0,5.0,25.0,2.0,0.3125,0.32894736842105265,0.25,Balanced
105062,14.0,74.0,12.0,7.0,25.0,4.0,0.5,0.33783783783783783,0.3333333333333333,Endurance
105064,13.0,80.0,7.0,4.0,27.0,5.0,0.3076923076923077,0.3375,0.7142857142857143,Balanced
105065,10.0,75.0,15.0,4.0,25.0,6.0,0.4,0.3333333333333333,0.4,Sprinter
105074,16.0,45.0,12.0,6.0,13.0,5.0,0.375,0.28888888888888886,0.4166666666666667,Sprinter
105077,19.0,79.0,2.0,6.0,31.0,1.0,0.3157894736842105,0.3924050632911392,0.5,Balanced
105095,9.0,68.0,23.0,4.0,29.0,7.0,0.4444444444444444,0.4264705882352941,0.30434782608695654,Balanced
105132,5.0,39.0,6.0,2.0,13.0,2.0,0.4,0.3333333333333333,0.3333333333333333,Balanced
105137,13.0,53.0,18.0,6.0,16.0,2.0,0.46153846153846156,0.3018867924528302,0.1111111111111111,Endurance
105138,23.0,67.0,10.0,11.0,25.0,6.0,0.4782608695652174,0.373134328358209,0.6,Sprinter
105147,9.0,53.0,13.0,2.0,18.0,2.0,0.2222222222222222,0.33962264150943394,0.15384615384615385,Balanced
105154,12.0,49.0,5.0,3.0,21.0,1.0,0.25,0.42857142857142855,0.2,Balanced
105173,15.0,71.0,14.0,7.0,35.0,4.0,0.4666666666666667,0.49295774647887325,0.2857142857142857,Balanced
105208,17.0,74.0,9.0,8.0,23.0,1.0,0.47058823529411764,0.3108108108108108,0.1111111111111111,Endurance
105216,11.0,67.0,22.0,3.0,27.0,9.0,0.2727272727272727,0.40298507462686567,0.4090909090909091,Sprinter
105217,15.0,68.0,17.0,2.0,20.0,3.0,0.13333333333333333,0.29411764705882354,0.17647058823529413,Balanced
105223,16.0,76.0,8.0,9.0,51.0,7.0,0.5625,0.6710526315789473,0.875,Balanced
105227,20.0,72.0,8.0,8.0,33.0,7.0,0.4,0.4583333333333333,0.875,Balanced
105238,5.0,80.0,15.0,2.0,41.0,5.0,0.4,0.5125,0.3333333333333333,Balanced
105292,4.0,40.0,8.0,3.0,7.0,4.0,0.75,0.175,0.5,Balanced
105311,10.0,81.0,9.0,5.0,13.0,2.0,0.5,0.16049382716049382,0.2222222222222222,Endurance
105332,10.0,67.0,23.0,4.0,21.0,3.0,0.4,0.31343283582089554,0.13043478260869565,Endurance
105341,12.0,71.0,6.0,9.0,16.0,2.0,0.75,0.22535211267605634,0.3333333333333333,Endurance
105357,21.0,71.0,8.0,12.0,29.0,2.0,0.5714285714285714,0.4084507042253521,0.25,Endurance
105373,16.0,69.0,15.0,6.0,30.0,5.0,0.375,0.43478260869565216,0.3333333333333333,Balanced
105376,5.0,69.0,26.0,2.0,24.0,2.0,0.4,0.34782608695652173,0.07692307692307693,Balanced
105379,21.0,69.0,10.0,9.0,32.0,3.0,0.42857142857142855,0.463768115942029,0.3,Balanced
105385,5.0,82.0,13.0,3.0,34.0,5.0,0.6,0.4146341463414634,0.38461538461538464,Balanced
105413,7.0,48.0,3.0,2.0,18.0,3.0,0.2857142857142857,0.375,1.0,Balanced
105430,11.0,80.0,9.0,4.0,29.0,1.0,0.36363636363636365,0.3625,0.1111111111111111,Endurance
105449,8.0,83.0,9.0,6.0,25.0,6.0,0.75,0.30120481927710846,0.6666666666666666,Balanced
105453,25.0,68.0,7.0,14.0,40.0,3.0,0.56,0.5882352941176471,0.42857142857142855,Balanced
105487,12.0,76.0,12.0,1.0,29.0,3.0,0.08333333333333333,0.3815789473684211,0.25,Balanced
105526,12.0,74.0,14.0,4.0,36.0,9.0,0.3333333333333333,0.4864864864864865,0.6428571428571429,Sprinter
105539,9.0,83.0,8.0,2.0,23.0,3.0,0.2222222222222222,0.27710843373493976,0.375,Balanced
105550,18.0,72.0,10.0,9.0,23.0,2.0,0.5,0.3194444444444444,0.2,Endurance
105554,20.0,76.0,4.0,2.0,27.0,1.0,0.1,0.35526315789473684,0.25,Balanced
105575,14.0,77.0,9.0,7.0,28.0,4.0,0.5,0.36363636363636365,0.4444444444444444,Endurance
105577,14.0,76.0,10.0,6.0,32.0,5.0,0.42857142857142855,0.42105263157894735,0.5,Sprinter
105583,7.0,79.0,14.0,2.0,33.0,5.0,0.2857142857142857,0.4177215189873418,0.35714285714285715,Balanced
105589,4.0,43.0,3.0,0.0,15.0,2.0,0.0,0.3488372093023256,0.6666666666666666,Balanced
105613,13.0,50.0,8.0,7.0,13.0,3.0,0.5384615384615384,0.26,0.375,Endurance
105614,8.0,43.0,5.0,2.0,10.0,1.0,0.25,0.23255813953488372,0.2,Balanced
105643,10.0,83.0,7.0,5.0,33.0,4.0,0.5,0.39759036144578314,0.5714285714285714,Balanced
105649,15.0,54.0,10.0,6.0,21.0,3.0,0.4,0.3888888888888889,0.3,Endurance
105657,13.0,77.0,10.0,3.0,29.0,4.0,0.23076923076923078,0.37662337662337664,0.4,Sprinter
105668,20.0,73.0,7.0,9.0,29.0,0.0,0.45,0.3972602739726027,0.0,Endurance
105671,10.0,59.0,6.0,2.0,22.0,2.0,0.2,0.3728813559322034,0.3333333333333333,Balanced
105676,15.0,74.0,11.0,7.0,37.0,3.0,0.4666666666666667,0.5,0.2727272727272727,Balanced
105683,11.0,76.0,13.0,4.0,49.0,9.0,0.36363636363636365,0.6447368421052632,0.6923076923076923,Sprinter
105723,9.0,79.0,12.0,5.0,35.0,7.0,0.5555555555555556,0.4430379746835443,0.5833333333333334,Sprinter
105732,15.0,70.0,15.0,5.0,32.0,9.0,0.3333333333333333,0.45714285714285713,0.6,Sprinter
105777,18.0,70.0,12.0,10.0,45.0,7.0,0.5555555555555556,0.6428571428571429,0.5833333333333334,Balanced
105806,5.0,49.0,8.0,2.0,20.0,4.0,0.4,0.40816326530612246,0.5,Balanced
105807,21.0,61.0,18.0,9.0,29.0,11.0,0.42857142857142855,0.47540983606557374,0.6111111111111112,Sprinter
105815,20.0,68.0,12.0,7.0,21.0,3.0,0.35,0.3088235294117647,0.25,Endurance
105870,13.0,75.0,12.0,4.0,38.0,7.0,0.3076923076923077,0.5066666666666667,0.5833333333333334,Sprinter
105882,11.0,63.0,11.0,3.0,20.0,6.0,0.2727272727272727,0.31746031746031744,0.5454545454545454,Sprinter
105902,12.0,79.0,9.0,3.0,33.0,5.0,0.25,0.4177215189873418,0.5555555555555556,Balanced
105916,18.0,76.0,6.0,8.0,37.0,2.0,0.4444444444444444,0.4868421052631579,0.3333333333333333,Balanced
105932,7.0,68.0,25.0,3.0,32.0,6.0,0.42857142857142855,0.47058823529411764,0.24,Balanced
105936,8.0,80.0,12.0,2.0,30.0,8.0,0.25,0.375,0.6666666666666666,Sprinter
105948,10.0,75.0,15.0,6.0,29.0,4.0,0.6,0.38666666666666666,0.26666666666666666,Endurance
105952,8.0,43.0,5.0,5.0,17.0,1.0,0.625,0.3953488372093023,0.2,Balanced
105967,13.0,68.0,19.0,6.0,29.0,5.0,0.46153846153846156,0.4264705882352941,0.2631578947368421,Endurance
105992,7.0,77.0,16.0,3.0,34.0,7.0,0.42857142857142855,0.44155844155844154,0.4375,Balanced
106000,5.0,75.0,20.0,0.0,22.0,3.0,0.0,0.29333333333333333,0.15,Balanced
106005,7.0,42.0,9.0,2.0,12.0,3.0,0.2857142857142857,0.2857142857142857,0.3333333333333333,Balanced
106043,20.0,69.0,11.0,13.0,25.0,3.0,0.65,0.36231884057971014,0.2727272727272727,Endurance
106045,17.0,70.0,13.0,9.0,18.0,3.0,0.5294117647058824,0.2571428571428571,0.23076923076923078,Endurance
106058,20.0,74.0,6.0,7.0,23.0,3.0,0.35,0.3108108108108108,0.5,Balanced
106065,9.0,71.0,20.0,4.0,28.0,6.0,0.4444444444444444,0.39436619718309857,0.3,Balanced
106071,7.0,68.0,25.0,1.0,28.0,4.0,0.14285714285714285,0.4117647058823529,0.16,Balanced
106075,8.0,66.0,3.0,4.0,21.0,1.0,0.5,0.3181818181818182,0.3333333333333333,Balanced
106078,10.0,78.0,12.0,5.0,39.0,4.0,0.5,0.5,0.3333333333333333,Endurance
106099,13.0,41.0,9.0,5.0,14.0,0.0,0.38461538461538464,0.34146341463414637,0.0,Endurance
106121,15.0,78.0,7.0,6.0,27.0,1.0,0.4,0.34615384615384615,0.14285714285714285,Endurance
106148,17.0,71.0,12.0,7.0,30.0,6.0,0.4117647058823529,0.4225352112676056,0.5,Sprinter
106186,14.0,39.0,5.0,6.0,19.0,1.0,0.42857142857142855,0.48717948717948717,0.2,Balanced
106198,5.0,64.0,12.0,1.0,22.0,3.0,0.2,0.34375,0.25,Balanced
106210,21.0,73.0,6.0,12.0,27.0,2.0,0.5714285714285714,0.3698630136986301,0.3333333333333333,Endurance
106214,7.0,64.0,9.0,2.0,25.0,7.0,0.2857142857142857,0.390625,0.7777777777777778,Balanced
106216,5.0,47.0,7.0,2.0,16.0,4.0,0.4,0.3404255319148936,0.5714285714285714,Balanced
106218,7.0,80.0,13.0,2.0,38.0,7.0,0.2857142857142857,0.475,0.5384615384615384,Sprinter
106228,7.0,68.0,9.0,4.0,26.0,5.0,0.5714285714285714,0.38235294117647056,0.5555555555555556,Balanced
106233,19.0,71.0,10.0,8.0,31.0,6.0,0.42105263157894735,0.43661971830985913,0.6,Sprinter
106234,18.0,71.0,11.0,10.0,26.0,6.0,0.5555555555555556,0.36619718309859156,0.5454545454545454,Endurance
106281,8.0,36.0,7.0,4.0,11.0,3.0,0.5,0.3055555555555556,0.42857142857142855,Balanced
106296,12.0,70.0,16.0,5.0,24.0,8.0,0.4166666666666667,0.34285714285714286,0.5,Sprinter
106298,19.0,68.0,13.0,7.0,25.0,3.0,0.3684210526315789,0.36764705882352944,0.23076923076923078,Endurance
106329,21.0,71.0,8.0,5.0,27.0,6.0,0.23809523809523808,0.38028169014084506,0.75,Balanced
106331,19.0,74.0,7.0,8.0,30.0,4.0,0.42105263157894735,0.40540540540540543,0.5714285714285714,Balanced
106368,6.0,44.0,8.0,3.0,16.0,4.0,0.5,0.36363636363636365,0.5,Balanced
106378,11.0,75.0,14.0,3.0,29.0,6.0,0.2727272727272727,0.38666666666666666,0.42857142857142855,Sprinter
106398,10.0,50.0,8.0,4.0,18.0,2.0,0.4,0.36,0.25,Endurance
106401,17.0,54.0,29.0,10.0,38.0,16.0,0.5882352941176471,0.7037037037037037,0.5517241379310345,Balanced
106415,13.0,67.0,20.0,8.0,35.0,2.0,0.6153846153846154,0.5223880597014925,0.1,Endurance
106421,20.0,73.0,7.0,12.0,49.0,2.0,0.6,0.6712328767123288,0.2857142857142857,Balanced
106423,30.0,66.0,4.0,14.0,32.0,2.0,0.4666666666666667,0.48484848484848486,0.5,Balanced
106426,13.0,78.0,9.0,9.0,32.0,3.0,0.6923076923076923,0.41025641025641024,0.3333333333333333,Endurance
106432,20.0,70.0,10.0,10.0,32.0,7.0,0.5,0.45714285714285713,0.7,Sprinter
109739,11.0,74.0,15.0,5.0,27.0,6.0,0.45454545454545453,0.36486486486486486,0.4,Endurance
110602,8.0,52.0,11.0,2.0,18.0,3.0,0.25,0.34615384615384615,0.2727272727272727,Balanced
111153,12.0,75.0,13.0,5.0,29.0,7.0,0.4166666666666667,0.38666666666666666,0.5384615384615384,Sprinter
111190,10.0,69.0,21.0,2.0,37.0,8.0,0.2,0.5362318840579711,0.38095238095238093,Balanced
111200,13.0,78.0,9.0,7.0,23.0,5.0,0.5384615384615384,0.2948717948717949,0.5555555555555556,Balanced
111202,16.0,68.0,16.0,10.0,38.0,9.0,0.625,0.5588235294117647,0.5625,Endurance
111442,19.0,68.0,13.0,9.0,38.0,7.0,0.47368421052631576,0.5588235294117647,0.5384615384615384,Balanced
111456,7.0,77.0,16.0,2.0,26.0,8.0,0.2857142857142857,0.33766233766233766,0.5,Sprinter
111460,16.0,69.0,11.0,5.0,25.0,5.0,0.3125,0.36231884057971014,0.45454545454545453,Sprinter
111513,18.0,67.0,15.0,5.0,31.0,7.0,0.2777777777777778,0.4626865671641791,0.4666666666666667,Sprinter
111575,16.0,75.0,9.0,8.0,47.0,6.0,0.5,0.6266666666666667,0.6666666666666666,Balanced
111577,11.0,75.0,14.0,5.0,32.0,6.0,0.45454545454545453,0.4266666666666667,0.42857142857142855,Endurance
111581,15.0,49.0,5.0,8.0,21.0,0.0,0.5333333333333333,0.42857142857142855,0.0,Endurance
111794,7.0,43.0,12.0,3.0,17.0,8.0,0.42857142857142855,0.3953488372093023,0.6666666666666666,Sprinter
111797,24.0,72.0,4.0,15.0,37.0,3.0,0.625,0.5138888888888888,0.75,Balanced
111815,13.0,77.0,10.0,7.0,42.0,5.0,0.5384615384615384,0.5454545454545454,0.5,Balanced
122298,15.0,76.0,9.0,7.0,27.0,4.0,0.4666666666666667,0.35526315789473684,0.4444444444444444,Endurance
122330,11.0,69.0,20.0,5.0,31.0,9.0,0.45454545454545453,0.4492753623188406,0.45,Endurance
122669,12.0,50.0,9.0,7.0,19.0,4.0,0.5833333333333334,0.38,0.4444444444444444,Endurance
123755,20.0,73.0,7.0,8.0,28.0,1.0,0.4,0.3835616438356164,0.14285714285714285,Endurance
124014,9.0,45.0,7.0,3.0,15.0,2.0,0.3333333333333333,0.3333333333333333,0.2857142857142857,Balanced
124079,24.0,72.0,4.0,12.0,27.0,2.0,0.5,0.375,0.5,Endurance
124116,11.0,57.0,17.0,7.0,22.0,9.0,0.6363636363636364,0.38596491228070173,0.5294117647058824,Endurance
124186,6.0,52.0,6.0,1.0,23.0,2.0,0.16666666666666666,0.4423076923076923,0.3333333333333333,Balanced
124187,12.0,76.0,12.0,3.0,42.0,4.0,0.25,0.5526315789473685,0.3333333333333333,Balanced
125802,16.0,74.0,10.0,6.0,33.0,7.0,0.375,0.44594594594594594,0.7,Sprinter
126094,13.0,67.0,20.0,4.0,34.0,13.0,0.3076923076923077,0.5074626865671642,0.65,Sprinter
126127,10.0,77.0,13.0,5.0,33.0,7.0,0.5,0.42857142857142855,0.5384615384615384,Sprinter
126128,20.0,72.0,8.0,8.0,35.0,4.0,0.4,0.4861111111111111,0.5,Balanced
126149,5.0,47.0,7.0,1.0,21.0,2.0,0.2,0.44680851063829785,0.2857142857142857,Balanced
126203,17.0,70.0,13.0,7.0,40.0,9.0,0.4117647058823529,0.5714285714285714,0.6923076923076923,Sprinter
126205,20.0,70.0,10.0,11.0,39.0,8.0,0.55,0.5571428571428572,0.8,Sprinter
126207,20.0,67.0,13.0,10.0,37.0,9.0,0.5,0.5522388059701493,0.6923076923076923,Sprinter
126214,10.0,73.0,17.0,2.0,43.0,7.0,0.2,0.589041095890411,0.4117647058823529,Balanced
126239,11.0,78.0,11.0,5.0,29.0,3.0,0.45454545454545453,0.3717948717948718,0.2727272727272727,Endurance
126523,8.0,69.0,14.0,2.0,25.0,4.0,0.25,0.36231884057971014,0.2857142857142857,Balanced
126610,18.0,73.0,9.0,11.0,49.0,4.0,0.6111111111111112,0.6712328767123288,0.4444444444444444,Balanced
126774,13.0,74.0,13.0,6.0,42.0,9.0,0.46153846153846156,0.5675675675675675,0.6923076923076923,Sprinter
126845,11.0,57.0,12.0,3.0,23.0,5.0,0.2727272727272727,0.40350877192982454,0.4166666666666667,Sprinter
126846,8.0,77.0,8.0,4.0,33.0,4.0,0.5,0.42857142857142855,0.5,Balanced
126952,17.0,75.0,8.0,8.0,36.0,3.0,0.47058823529411764,0.48,0.375,Balanced
127157,15.0,75.0,10.0,3.0,26.0,1.0,0.2,0.3466666666666667,0.1,Balanced
128034,18.0,72.0,10.0,8.0,44.0,7.0,0.4444444444444444,0.6111111111111112,0.7,Sprinter
132283,16.0,77.0,7.0,7.0,33.0,4.0,0.4375,0.42857142857142855,0.5714285714285714,Balanced
132686,14.0,54.0,14.0,9.0,24.0,3.0,0.6428571428571429,0.4444444444444444,0.21428571428571427,Endurance
133430,11.0,80.0,9.0,5.0,32.0,6.0,0.45454545454545453,0.4,0.6666666666666666,Balanced
134770,16.0,71.0,13.0,5.0,39.0,10.0,0.3125,0.5492957746478874,0.7692307692307693,Sprinter
134868,9.0,76.0,15.0,4.0,38.0,7.0,0.4444444444444444,0.5,0.4666666666666667,Balanced
136440,10.0,78.0,12.0,3.0,36.0,4.0,0.3,0.46153846153846156,0.3333333333333333,Balanced
144684,12.0,63.0,12.0,6.0,35.0,4.0,0.5,0.5555555555555556,0.3333333333333333,Balanced
144707,19.0,69.0,12.0,8.0,32.0,7.0,0.42105263157894735,0.463768115942029,0.5833333333333334,Sprinter
144719,15.0,78.0,7.0,4.0,28.0,4.0,0.26666666666666666,0.358974358974359,0.5714285714285714,Balanced
144750,16.0,68.0,16.0,6.0,31.0,7.0,0.375,0.45588235294117646,0.4375,Balanced
144817,7.0,61.0,8.0,0.0,22.0,5.0,0.0,0.36065573770491804,0.625,Balanced
144869,28.0,66.0,6.0,13.0,30.0,3.0,0.4642857142857143,0.45454545454545453,0.5,Balanced
144895,25.0,71.0,4.0,13.0,28.0,0.0,0.52,0.39436619718309857,0.0,Endurance
200000,22.0,69.0,9.0,9.0,32.0,6.0,0.4090909090909091,0.463768115942029,0.6666666666666666,Balanced
200005,17.0,72.0,11.0,7.0,39.0,8.0,0.4117647058823529,0.5416666666666666,0.7272727272727273,Sprinter
200175,17.0,67.0,16.0,7.0,23.0,11.0,0.4117647058823529,0.34328358208955223,0.6875,Sprinter
200221,15.0,73.0,12.0,6.0,36.0,7.0,0.4,0.4931506849315068,0.5833333333333334,Sprinter
200267,10.0,40.0,2.0,4.0,15.0,1.0,0.4,0.375,0.5,Balanced
200282,14.0,80.0,6.0,10.0,44.0,3.0,0.7142857142857143,0.55,0.5,Endurance
200303,11.0,58.0,6.0,4.0,28.0,2.0,0.36363636363636365,0.4827586206896552,0.3333333333333333,Balanced
200325,17.0,74.0,9.0,9.0,25.0,4.0,0.5294117647058824,0.33783783783783783,0.4444444444444444,Endurance
200384,11.0,68.0,13.0,7.0,27.0,4.0,0.6363636363636364,0.39705882352941174,0.3076923076923077,Endurance
200615,25.0,65.0,10.0,11.0,32.0,5.0,0.44,0.49230769230769234,0.5,Sprinter
200624,13.0,68.0,19.0,7.0,33.0,16.0,0.5384615384615384,0.4852941176470588,0.8421052631578947,Sprinter
200670,9.0,76.0,12.0,4.0,37.0,4.0,0.4444444444444444,0.4868421052631579,0.3333333333333333,Balanced
202103,14.0,76.0,10.0,5.0,37.0,4.0,0.35714285714285715,0.4868421052631579,0.4,Balanced
202104,12.0,72.0,16.0,6.0,35.0,7.0,0.5,0.4861111111111111,0.4375,Endurance
202195,18.0,75.0,7.0,10.0,28.0,5.0,0.5555555555555556,0.37333333333333335,0.7142857142857143,Balanced
202385,12.0,55.0,11.0,7.0,31.0,8.0,0.5833333333333334,0.5636363636363636,0.7272727272727273,Sprinter
205734,13.0,56.0,7.0,7.0,22.0,3.0,0.5384615384615384,0.39285714285714285,0.42857142857142855,Endurance
206173,21.0,67.0,12.0,13.0,56.0,8.0,0.6190476190476191,0.835820895522388,0.6666666666666666,Balanced
206681,3.0,46.0,18.0,3.0,20.0,10.0,1.0,0.43478260869565216,0.5555555555555556,Balanced
206909,12.0,75.0,13.0,3.0,32.0,5.0,0.25,0.4266666666666667,0.38461538461538464,Balanced
207518,19.0,73.0,8.0,11.0,34.0,2.0,0.5789473684210527,0.4657534246575342,0.25,Endurance
207686,7.0,58.0,17.0,6.0,24.0,7.0,0.8571428571428571,0.41379310344827586,0.4117647058823529,Balanced
207733,15.0,70.0,15.0,4.0,40.0,12.0,0.26666666666666666,0.5714285714285714,0.8,Sprinter
207830,11.0,54.0,13.0,4.0,32.0,4.0,0.36363636363636365,0.5925925925925926,0.3076923076923077,Balanced
207925,10.0,57.0,10.0,8.0,29.0,3.0,0.8,0.5087719298245614,0.3,Endurance
207989,19.0,75.0,6.0,14.0,57.0,5.0,0.7368421052631579,0.76,0.8333333333333334,Balanced
208014,8.0,46.0,7.0,5.0,21.0,1.0,0.625,0.45652173913043476,0.14285714285714285,Balanced
208029,14.0,73.0,13.0,6.0,44.0,5.0,0.42857142857142855,0.6027397260273972,0.38461538461538464,Balanced
208103,10.0,74.0,16.0,7.0,43.0,7.0,0.7,0.581081081081081,0.4375,Endurance
208286,13.0,66.0,3.0,4.0,35.0,2.0,0.3076923076923077,0.5303030303030303,0.6666666666666666,Balanced
209260,5.0,41.0,5.0,3.0,19.0,3.0,0.6,0.4634146341463415,0.6,Balanced
209414,10.0,47.0,3.0,5.0,17.0,0.0,0.5,0.3617021276595745,0.0,Endurance
209950,14.0,75.0,11.0,8.0,39.0,11.0,0.5714285714285714,0.52,1.0,Sprinter
209992,14.0,39.0,8.0,9.0,18.0,2.0,0.6428571428571429,0.46153846153846156,0.25,Endurance
210013,16.0,62.0,22.0,4.0,24.0,5.0,0.25,0.3870967741935484,0.22727272727272727,Balanced
210097,21.0,66.0,13.0,13.0,30.0,8.0,0.6190476190476191,0.45454545454545453,0.6153846153846154,Endurance
210506,12.0,59.0,7.0,5.0,31.0,5.0,0.4166666666666667,0.5254237288135594,0.7142857142857143,Balanced
